<?xml version="1.0" encoding="UTF-8"?>
<project-private xmlns="http://www.netbeans.org/ns/project-private/1">
    <editor-bookmarks xmlns="http://www.netbeans.org/ns/editor-bookmarks/2" lastBookmarkId="0"/>
    <open-files xmlns="http://www.netbeans.org/ns/projectui-open-files/2">
        <group>
            <file>file:/D:/Programacion%20Java/PruebaJList/src/pruebajlist/Ventana.java</file>
            <file>file:/D:/Programacion%20Java/PruebaJList/src/Conexion/ConexionBD.java</file>
            <file>file:/D:/Programacion%20Java/PruebaJList/src/pruebajlist/PruebaJList.java</file>
        </group>
    </open-files>
</project-private>
